{
  "taxes": {
    "IT_AGRIGENTO": {
      "city": "Agrigento",
      "countryCode": "IT",
      "basis": "per_person_per_night",
      "fixed": { "amount": 3, "currency": "EUR" },
      "notes": "Based on 4-star rate"
    },
    "IT_ALBEROBELLO": {
      "city": "Alberobello",
      "countryCode": "IT",
      "basis": "per_person_per_night",
      "fixed": { "amount": 3, "currency": "EUR" },
      "notes": "Based on 4-star rate"
    },
    "PT_ALGARVE": {
      "city": "Algarve",
      "countryCode": "PT",
      "basis": "per_person_per_night",
      "fixed": { "amount": 2, "currency": "EUR" },
      "capNights": 7,
      "notes": "€2/night, max 7 nights. Under 12s exempt. Half price Nov-Mar"
    },
    "PT_AZORES": {
      "city": "Azores",
      "countryCode": "PT",
      "basis": "per_person_per_night",
      "fixed": { "amount": 2, "currency": "EUR" },
      "capNights": 7,
      "notes": "€2/night, max 7 nights. Under 12s exempt. Half price Nov-Mar"
    },
    "ES_BALEARIC_ISLANDS": {
      "city": "Balearic Islands",
      "countryCode": "ES",
      "basis": "per_person_per_night",
      "fixed": { "amount": 4, "currency": "EUR" },
      "notes": "Up to €6 depending on star rating. Under 16s exempt"
    },
    "ES_BARCELONA": {
      "city": "Barcelona",
      "countryCode": "ES",
      "basis": "per_person_per_night",
      "fixed": { "amount": 7, "currency": "EUR" },
      "notes": "Includes up to €4 city tax. Under 17s exempt"
    },
    "IT_BOLOGNA": {
      "city": "Bologna",
      "countryCode": "IT",
      "basis": "per_person_per_night",
      "fixed": { "amount": 5, "currency": "EUR" },
      "notes": "Up to €5 depending on accommodation cost. Under 14s exempt"
    },
    "FR_BORDEAUX": {
      "city": "Bordeaux",
      "countryCode": "FR",
      "basis": "per_person_per_night",
      "fixed": { "amount": 3.6, "currency": "EUR" },
      "notes": "€3.60 per person, per night"
    },
    "BE_BRUSSELS": {
      "city": "Brussels",
      "countryCode": "BE",
      "basis": "per_person_per_night",
      "fixed": { "amount": 4.24, "currency": "EUR" },
      "notes": "€4.24 per person, per night"
    },
    "RO_BUCHAREST": {
      "city": "Bucharest",
      "countryCode": "RO",
      "basis": "per_person_per_night",
      "fixed": { "amount": 2, "currency": "EUR" },
      "notes": "€2 per person, per night"
    },
    "HU_BUDAPEST": {
      "city": "Budapest",
      "countryCode": "HU",
      "basis": "per_person_per_night",
      "fixed": { "amount": 1000, "currency": "HUF" },
      "capNights": 6,
      "notes": "Max 6 nights and 4 people"
    },
    "FR_CANNES": {
      "city": "Cannes",
      "countryCode": "FR",
      "basis": "per_person_per_night",
      "fixed": { "amount": 2.25, "currency": "EUR" },
      "notes": "Up to €2.25 depending on star rating"
    },
    "CV_CAPE_VERDE": {
      "city": "Cape Verde",
      "countryCode": "CV",
      "basis": "per_person_per_night",
      "fixed": { "amount": 2.5, "currency": "EUR" },
      "notes": "Capped at €25 total per person. Under 16s exempt"
    },
    "IT_CATANIA": {
      "city": "Catania",
      "countryCode": "IT",
      "basis": "per_person_per_night",
      "fixed": { "amount": 2.5, "currency": "EUR" },
      "notes": "Based on 4-star rate"
    },
    "IT_CEFALU": {
      "city": "Cefalù",
      "countryCode": "IT",
      "basis": "per_person_per_night",
      "fixed": { "amount": 2.5, "currency": "EUR" },
      "notes": "Based on 4-star rate"
    },
    "HR_CROATIA": {
      "city": "Croatia",
      "countryCode": "HR",
      "basis": "per_person_per_night",
      "fixed": { "amount": 1, "currency": "EUR" },
      "notes": "Average €1/night. Reduced €0.50 for 12-18. Under 12s exempt"
    },
    "AE_DUBAI": {
      "city": "Dubai",
      "countryCode": "AE",
      "basis": "per_room_per_night",
      "fixed": { "amount": 20, "currency": "AED" },
      "notes": "Up to 20 AED per room, per night depending on star rating"
    },
    "DE_DUSSELDORF": {
      "city": "Dusseldorf",
      "countryCode": "DE",
      "basis": "per_person_per_night",
      "fixed": { "amount": 3, "currency": "EUR" },
      "notes": "€3 per person, per night"
    },
    "IT_FLORENCE": {
      "city": "Florence",
      "countryCode": "IT",
      "basis": "per_person_per_night",
      "fixed": { "amount": 6, "currency": "EUR" },
      "notes": "Based on 4-star rate"
    },
    "DE_FRANKFURT": {
      "city": "Frankfurt",
      "countryCode": "DE",
      "basis": "per_person_per_night",
      "fixed": { "amount": 2, "currency": "EUR" },
      "notes": "€2 per person, per night"
    },
    "PL_GDANSK": {
      "city": "Gdansk",
      "countryCode": "PL",
      "basis": "per_person_per_night",
      "fixed": { "amount": 0.3, "currency": "EUR" },
      "notes": "€0.30 per person, per night"
    },
    "CH_GENEVA": {
      "city": "Geneva",
      "countryCode": "CH",
      "basis": "per_person_per_night",
      "fixed": { "amount": 3.75, "currency": "CHF" },
      "notes": "3.75 CHF per person, per night"
    },
    "IT_GENOA": {
      "city": "Genoa",
      "countryCode": "IT",
      "basis": "per_person_per_night",
      "fixed": { "amount": 4, "currency": "EUR" },
      "notes": "Up to €4 depending on star rating. Under 13s exempt"
    },
    "GR_GREECE": {
      "city": "Greece",
      "countryCode": "GR",
      "basis": "per_room_per_night",
      "fixed": { "amount": 10, "currency": "EUR" },
      "notes": "Per room (not per person). Reduced rates Nov-Feb"
    },
    "DE_HAMBURG": {
      "city": "Hamburg",
      "countryCode": "DE",
      "basis": "per_person_per_night",
      "fixed": { "amount": 4, "currency": "EUR" },
      "notes": "Up to €4 per person, per night"
    },
    "IT_ISCHIA": {
      "city": "Ischia",
      "countryCode": "IT",
      "basis": "per_person_per_night",
      "fixed": { "amount": 3, "currency": "EUR" },
      "notes": "Based on 4-star rate"
    },
    "PL_KRAKOW": {
      "city": "Krakow",
      "countryCode": "PL",
      "basis": "per_person_per_night",
      "fixed": { "amount": 0.3, "currency": "EUR" },
      "notes": "€0.30 per person, per night"
    },
    "IT_LAKE_COMO": {
      "city": "Lake Como",
      "countryCode": "IT",
      "basis": "per_person_per_night",
      "fixed": { "amount": 5, "currency": "EUR" },
      "notes": "Based on 4-star rate"
    },
    "IT_LAKE_GARDA": {
      "city": "Lake Garda",
      "countryCode": "IT",
      "basis": "per_person_per_night",
      "fixed": { "amount": 2.8, "currency": "EUR" },
      "notes": "Based on 4-star rate"
    },
    "IT_LAKE_MAGGIORE": {
      "city": "Lake Maggiore",
      "countryCode": "IT",
      "basis": "per_person_per_night",
      "fixed": { "amount": 2.5, "currency": "EUR" },
      "notes": "Based on 4-star rate"
    },
    "IT_LECCE": {
      "city": "Lecce",
      "countryCode": "IT",
      "basis": "per_person_per_night",
      "fixed": { "amount": 4, "currency": "EUR" },
      "notes": "HS - High Season rates"
    },
    "PT_LISBON": {
      "city": "Lisbon",
      "countryCode": "PT",
      "basis": "per_person_per_night",
      "fixed": { "amount": 4, "currency": "EUR" },
      "capNights": 7,
      "notes": "€4/night, max 7 nights. Under 12s exempt"
    },
    "FR_LYON": {
      "city": "Lyon",
      "countryCode": "FR",
      "basis": "per_person_per_night",
      "fixed": { "amount": 3.3, "currency": "EUR" },
      "notes": "Up to €3.30 depending on star rating. Under 18s exempt"
    },
    "PT_MADEIRA": {
      "city": "Madeira",
      "countryCode": "PT",
      "basis": "per_person_per_night",
      "fixed": { "amount": 2, "currency": "EUR" },
      "capNights": 7,
      "notes": "€2/night, max 7 nights. Under 12s exempt. Half price Nov-Mar"
    },
    "MV_MALDIVES": {
      "city": "Maldives",
      "countryCode": "MV",
      "basis": "per_person_per_night",
      "fixed": { "amount": 12, "currency": "USD" },
      "notes": "$12 per person, per night. Under 12s exempt"
    },
    "MT_MALTA": {
      "city": "Malta",
      "countryCode": "MT",
      "basis": "per_person_per_night",
      "fixed": { "amount": 1.5, "currency": "EUR" },
      "notes": "€1.50 per person, per night. Under 18s exempt"
    },
    "IT_MATERA": {
      "city": "Matera",
      "countryCode": "IT",
      "basis": "per_person_per_night",
      "fixed": { "amount": 4, "currency": "EUR" },
      "notes": "Based on 4-star rate"
    },
    "MU_MAURITIUS": {
      "city": "Mauritius",
      "countryCode": "MU",
      "basis": "per_person_per_night",
      "fixed": { "amount": 3, "currency": "EUR" },
      "notes": "€3 per guest, per night. Under 12s exempt"
    },
    "IT_MILAN": {
      "city": "Milan",
      "countryCode": "IT",
      "basis": "per_person_per_night",
      "fixed": { "amount": 7, "currency": "EUR" },
      "notes": "Based on 4-star rate"
    },
    "ME_MONTENEGRO": {
      "city": "Montenegro",
      "countryCode": "ME",
      "basis": "per_person_per_night",
      "fixed": { "amount": 1, "currency": "EUR" },
      "notes": "€1 per person, per night. Under 12s exempt"
    },
    "FR_MONTPELLIER": {
      "city": "Montpellier",
      "countryCode": "FR",
      "basis": "per_person_per_night",
      "fixed": { "amount": 4.6, "currency": "EUR" },
      "notes": "Up to €4.60 depending on star rating. Under 18s exempt"
    },
    "MA_MOROCCO": {
      "city": "Morocco",
      "countryCode": "MA",
      "basis": "per_person_per_night",
      "fixed": { "amount": 28.6, "currency": "MAD" },
      "notes": "28.60 MAD per person, per night. Under 12s exempt"
    },
    "IT_NAPLES": {
      "city": "Naples",
      "countryCode": "IT",
      "basis": "per_person_per_night",
      "fixed": { "amount": 5.5, "currency": "EUR" },
      "notes": "Based on 4-star rate"
    },
    "FR_NICE": {
      "city": "Nice",
      "countryCode": "FR",
      "basis": "per_person_per_night",
      "fixed": { "amount": 4.2, "currency": "EUR" },
      "notes": "Up to €4.20 depending on star rating"
    },
    "IT_OSTUNI": {
      "city": "Ostuni",
      "countryCode": "IT",
      "basis": "per_person_per_night",
      "fixed": { "amount": 4, "currency": "EUR" },
      "notes": "Based on 4-star rate"
    },
    "ES_PALMA": {
      "city": "Palma",
      "countryCode": "ES",
      "basis": "per_person_per_night",
      "fixed": { "amount": 3, "currency": "EUR" },
      "notes": "Up to €4 depending on star rating"
    },
    "FR_PARIS": {
      "city": "Paris",
      "countryCode": "FR",
      "basis": "per_person_per_night",
      "fixed": { "amount": 10.73, "currency": "EUR" },
      "notes": "Up to €10.73 depending on star rating"
    },
    "PT_PORTO": {
      "city": "Porto",
      "countryCode": "PT",
      "basis": "per_person_per_night",
      "fixed": { "amount": 2, "currency": "EUR" },
      "capNights": 7,
      "notes": "€2/night, max 7 nights. Under 12s exempt. Half price Nov-Mar"
    },
    "CZ_PRAGUE": {
      "city": "Prague",
      "countryCode": "CZ",
      "basis": "per_person_per_night",
      "fixed": { "amount": 50, "currency": "CZK" },
      "notes": "CZK 50 per person, per night"
    },
    "AE_RAS_AL_KHAIMAH": {
      "city": "Ras Al Khaimah",
      "countryCode": "AE",
      "basis": "per_room_per_night",
      "fixed": { "amount": 15, "currency": "AED" },
      "notes": "15 AED per room, per night"
    },
    "IT_RAVELLO": {
      "city": "Ravello",
      "countryCode": "IT",
      "basis": "per_person_per_night",
      "fixed": { "amount": 3, "currency": "EUR" },
      "notes": "Based on 4-star rate"
    },
    "IS_REYKJAVIK": {
      "city": "Reykjavik",
      "countryCode": "IS",
      "basis": "per_room_per_night",
      "fixed": { "amount": 600, "currency": "ISK" },
      "notes": "ISK 600 per room, per night"
    },
    "LV_RIGA": {
      "city": "Riga",
      "countryCode": "LV",
      "basis": "per_person_per_night",
      "fixed": { "amount": 1, "currency": "EUR" },
      "notes": "€1 per person, per night"
    },
    "IT_ROME": {
      "city": "Rome",
      "countryCode": "IT",
      "basis": "per_person_per_night",
      "fixed": { "amount": 7.5, "currency": "EUR" },
      "notes": "Based on 4-star rate"
    },
    "IT_SORRENTO": {
      "city": "Sorrento",
      "countryCode": "IT",
      "basis": "per_person_per_night",
      "fixed": { "amount": 4, "currency": "EUR" },
      "notes": "Based on 4-star rate"
    },
    "FR_TOULOUSE": {
      "city": "Toulouse",
      "countryCode": "FR",
      "basis": "per_person_per_night",
      "fixed": { "amount": 3.6, "currency": "EUR" },
      "notes": "€3.60 per person, per night"
    },
    "IT_TURIN": {
      "city": "Turin",
      "countryCode": "IT",
      "basis": "per_person_per_night",
      "fixed": { "amount": 5, "currency": "EUR" },
      "notes": "Up to €5 depending on star rating"
    },
    "IT_VENICE": {
      "city": "Venice",
      "countryCode": "IT",
      "basis": "per_person_per_night",
      "fixed": { "amount": 8, "currency": "EUR" },
      "notes": "Based on 4-star rate"
    },
    "IT_VERONA": {
      "city": "Verona",
      "countryCode": "IT",
      "basis": "per_person_per_night",
      "fixed": { "amount": 5, "currency": "EUR" },
      "notes": "Up to €5 depending on star rating. Under 15s exempt. Over 70s get 20% discount"
    }
  },
  "aliases": {
    "agrigento": "IT_AGRIGENTO",
    "alberobello": "IT_ALBEROBELLO",
    "algarve": "PT_ALGARVE",
    "azores": "PT_AZORES",
    "balearic islands": "ES_BALEARIC_ISLANDS",
    "balearics": "ES_BALEARIC_ISLANDS",
    "majorca": "ES_BALEARIC_ISLANDS",
    "mallorca": "ES_BALEARIC_ISLANDS",
    "ibiza": "ES_BALEARIC_ISLANDS",
    "menorca": "ES_BALEARIC_ISLANDS",
    "barcelona": "ES_BARCELONA",
    "bologna": "IT_BOLOGNA",
    "bordeaux": "FR_BORDEAUX",
    "brussels": "BE_BRUSSELS",
    "bruxelles": "BE_BRUSSELS",
    "bucharest": "RO_BUCHAREST",
    "budapest": "HU_BUDAPEST",
    "cannes": "FR_CANNES",
    "cape verde": "CV_CAPE_VERDE",
    "catania": "IT_CATANIA",
    "cefalu": "IT_CEFALU",
    "cefalù": "IT_CEFALU",
    "croatia": "HR_CROATIA",
    "dubrovnik": "HR_CROATIA",
    "split": "HR_CROATIA",
    "zagreb": "HR_CROATIA",
    "dubai": "AE_DUBAI",
    "dusseldorf": "DE_DUSSELDORF",
    "düsseldorf": "DE_DUSSELDORF",
    "florence": "IT_FLORENCE",
    "firenze": "IT_FLORENCE",
    "frankfurt": "DE_FRANKFURT",
    "gdansk": "PL_GDANSK",
    "geneva": "CH_GENEVA",
    "genève": "CH_GENEVA",
    "genoa": "IT_GENOA",
    "genova": "IT_GENOA",
    "greece": "GR_GREECE",
    "athens": "GR_GREECE",
    "santorini": "GR_GREECE",
    "mykonos": "GR_GREECE",
    "crete": "GR_GREECE",
    "rhodes": "GR_GREECE",
    "corfu": "GR_GREECE",
    "hamburg": "DE_HAMBURG",
    "ischia": "IT_ISCHIA",
    "krakow": "PL_KRAKOW",
    "kraków": "PL_KRAKOW",
    "lake como": "IT_LAKE_COMO",
    "como": "IT_LAKE_COMO",
    "lake garda": "IT_LAKE_GARDA",
    "garda": "IT_LAKE_GARDA",
    "lake maggiore": "IT_LAKE_MAGGIORE",
    "maggiore": "IT_LAKE_MAGGIORE",
    "lecce": "IT_LECCE",
    "lisbon": "PT_LISBON",
    "lisboa": "PT_LISBON",
    "lyon": "FR_LYON",
    "madeira": "PT_MADEIRA",
    "maldives": "MV_MALDIVES",
    "malta": "MT_MALTA",
    "matera": "IT_MATERA",
    "mauritius": "MU_MAURITIUS",
    "milan": "IT_MILAN",
    "milano": "IT_MILAN",
    "montenegro": "ME_MONTENEGRO",
    "montpellier": "FR_MONTPELLIER",
    "montpelier": "FR_MONTPELLIER",
    "morocco": "MA_MOROCCO",
    "marrakech": "MA_MOROCCO",
    "marrakesh": "MA_MOROCCO",
    "naples": "IT_NAPLES",
    "napoli": "IT_NAPLES",
    "nice": "FR_NICE",
    "ostuni": "IT_OSTUNI",
    "palma": "ES_PALMA",
    "paris": "FR_PARIS",
    "porto": "PT_PORTO",
    "prague": "CZ_PRAGUE",
    "praha": "CZ_PRAGUE",
    "ras al khaimah": "AE_RAS_AL_KHAIMAH",
    "ravello": "IT_RAVELLO",
    "reykjavik": "IS_REYKJAVIK",
    "riga": "LV_RIGA",
    "rome": "IT_ROME",
    "roma": "IT_ROME",
    "sorrento": "IT_SORRENTO",
    "toulouse": "FR_TOULOUSE",
    "turin": "IT_TURIN",
    "torino": "IT_TURIN",
    "venice": "IT_VENICE",
    "venezia": "IT_VENICE",
    "verona": "IT_VERONA"
  }
}
